"Data Source","World Development Indicators",

"Last Updated Date","2019-10-16",

"Country Name","Country Code","Indicator Name","Indicator Code","1960","1961","1962","1963","1964","1965","1966","1967","1968","1969","1970","1971","1972","1973","1974","1975","1976","1977","1978","1979","1980","1981","1982","1983","1984","1985","1986","1987","1988","1989","1990","1991","1992","1993","1994","1995","1996","1997","1998","1999","2000","2001","2002","2003","2004","2005","2006","2007","2008","2009","2010","2011","2012","2013","2014","2015","2016","2017","2018",
"Aruba","ABW","Patent applications, nonresidents","IP.PAT.NRES","","","","","","","","","","","","","","","","","","","","","","","","","","","","","","","","","","","","","","","","","","","","","","","","","","","","","","","","","","","",
"Afghanistan","AFG","Patent applications, nonresidents","IP.PAT.NRES","","","","","","","","","","","","","","","","","","","","","","","","","","","","","","","","","","","","","","","","","","","","","","","","","","","","","","","","","","","",
"Angola","AGO","Patent applications, nonresidents","IP.PAT.NRES","","","","","","","","","","","","","","","","","","","","","","","","","","","","","","","","","2","","","","","","","","","","","","","","","","","","","","","","","","","","",
"Albania","ALB","Patent applications, nonresidents","IP.PAT.NRES","","","","","","","","","","","","","","","","","","","","","","","","","","","","","","","","","","","","","","9","","","","120","238","391","","386","","","","361","","8","","4","3","5","","","",
"Andorra","AND","Patent applications, nonresidents","IP.PAT.NRES","","","","","","","","","","","","","","","","","","","","","","","","","","","","","","","","","","","","","","","","","","","","","","","","","","","","","","","","","3","6","",
"Arab World","ARB","Patent applications, nonresidents","IP.PAT.NRES","","","","","","","","","","","","","","","","","","","","","1948","1862","","1725","","","","","","1202","","","1499","1815","1780","2081","2131","","3318","","2428","2073","1892","1746","1946","2891","","4738","","","4874","6324","","6387","6135","7830","6765","","",
"United Arab Emirates","ARE","Patent applications, nonresidents","IP.PAT.NRES","","","","","","","","","","","","","","","","","","","","","","","","","","","","","","","","","","","","","","","","","","","","","","","","","","","","1325","1331","1408","1443","1738","","1748","",
"Argentina","ARG","Patent applications, nonresidents","IP.PAT.NRES","","","","","","","","","","","","","","","","","","","","","3063","3321","2793","2443","2656","","","","","","1955","1851","1919","2261","2820","3588","4012","5035","5459","5558","5574","5088","4143","3765","3816","4215","4597","4806","4781","4336","4165","4133","4078","4129","4173","3579","2925","3050","",
"Armenia","ARM","Patent applications, nonresidents","IP.PAT.NRES","","","","","","","","","","","","","","","","","","","","","","","","","","","","","","","","","","30","79","98","154","121","8","16","8","15","7","6","","2","1","5","4","11","6","19","4","6","2","2","1","3","",
"American Samoa","ASM","Patent applications, nonresidents","IP.PAT.NRES","","","","","","","","","","","","","","","","","","","","","","","","","","","","","","","","","","","","","","","","","","","","","","","","","","","","","","","","","","","",
"Antigua and Barbuda","ATG","Patent applications, nonresidents","IP.PAT.NRES","","","","","","","","","","","","","","","","","","","","","","","","","","","","","","","","","","","","","","","","","","","","","","","","","","","","8","7","7","15","10","12","8","",
"Australia","AUS","Patent applications, nonresidents","IP.PAT.NRES","","","","","","","","","","","","","","","","","","","","","9354","9807","9572","9529","10212","","","","","","","","","","","12277","13221","15398","16063","17960","20073","20548","20181","19176","20274","21302","23166","24122","23525","21187","22478","23143","23731","26656","23968","26314","25774","26403","",
"Austria","AUT","Patent applications, nonresidents","IP.PAT.NRES","","","","","","","","","","","","","","","","","","","","","4166","3428","2620","2322","1891","1591","1336","1272","1048","915","670","544","517","513","516","458","449","397","349","341","340","284","329","213","266","235","378","287","329","292","249","276","294","244","271","236","237","232","",
"Azerbaijan","AZE","Patent applications, nonresidents","IP.PAT.NRES","","","","","","","","","","","","","","","","","","","","","","","","","","","","","","","","","","","","30","17","","","","","10","7","18","7","6","13","8","7","17","17","12","","","","","19","","",
"Burundi","BDI","Patent applications, nonresidents","IP.PAT.NRES","","","","","","","","","","","","","","","","","","","","","10","5","2","2","7","","2","","","1","3","","2","1","4","1","4","","","","","","","","","","","","","","","","","","","","","","",
"Belgium","BEL","Patent applications, nonresidents","IP.PAT.NRES","","","","","","","","","","","","","","","","","","","","","5104","3918","2944","2261","1966","1476","1334","889","776","663","613","574","499","679","446","355","310","269","249","249","243","264","147","188","122","105","161","163","133","148","140","127","127","161","137","148","119","216","",
"Benin","BEN","Patent applications, nonresidents","IP.PAT.NRES","","","","","","","","","","","","","","","","","","","","","","","","","","","","","","","","","","","","","","","","","","","","","","","","","","","","","","","","","","","",
"Burkina Faso","BFA","Patent applications, nonresidents","IP.PAT.NRES","","","","","","","","","","","","","","","","","","","","","","","","","","","","","","","","","","","","","","","","","","","","","","","","","","","","","","","","","","","",
"Bangladesh","BGD","Patent applications, nonresidents","IP.PAT.NRES","","","","","","","","","","","","","","","","","","","","","102","133","104","123","104","96","77","98","109","76","76","77","89","71","89","156","131","119","184","200","248","236","246","260","268","294","288","270","278","275","276","269","287","243","249","299","267","241","",
"Bulgaria","BGR","Patent applications, nonresidents","IP.PAT.NRES","","","","","","","","","","","","","","","","","","","","","804","871","717","728","738","248","211","311","253","267","331","326","351","152","531","363","407","538","524","616","709","785","735","680","133","52","48","28","22","24","17","21","14","15","16","11","11","23","",
"Bahrain","BHR","Patent applications, nonresidents","IP.PAT.NRES","","","","","","","","","","","","","","","","","","","","","47","28","41","28","65","16","20","","","","","","31","","","","","","","","","","","","","","","","","","","139","161","167","199","185","171","237","",
"Bahamas, The","BHS","Patent applications, nonresidents","IP.PAT.NRES","","","","","","","","","","","","","","","","","","","","","","51","50","","38","42","37","","32","","25","27","29","","","","","","","","","","","","","","","","","","","","83","75","113","68","34","48","",
"Bosnia and Herzegovina","BIH","Patent applications, nonresidents","IP.PAT.NRES","","","","","","","","","","","","","","","","","","","","","","","","","","","","","","","","","","","","","","","","105","242","309","","242","346","306","162","","12","","9","12","14","22","2","","6","12","",
"Belarus","BLR","Patent applications, nonresidents","IP.PAT.NRES","","","","","","","","","","","","","","","","","","","","","","","","","","","","","","","","","","666","1005","415","361","414","79","345","204","214","379","298","200","296","337","257","220","173","174","146","190","145","105","148","66","90","",
"Belize","BLZ","Patent applications, nonresidents","IP.PAT.NRES","","","","","","","","","","","","","","","","","","","","","","","","","","","","","","","","","","","","","","","","","","","","","16","33","41","48","54","","","49","51","32","36","26","37","","",
"Bermuda","BMU","Patent applications, nonresidents","IP.PAT.NRES","","","","","","","","","","","","","","","","","","","","","","","","","","","","","","","","","","","","","","","","","","","","","","","","","","","","","","","","","","","",
"Bolivia","BOL","Patent applications, nonresidents","IP.PAT.NRES","","","","","","","","","","","","","","","","","","","","","117","120","89","70","54","41","","","","","","","","62","89","106","","","","","","","","","","","","","","","","","","","294","","241","277","",
"Brazil","BRA","Patent applications, nonresidents","IP.PAT.NRES","","","","","","","","","","","","","","","","","","","","","6228","6113","5562","4900","4657","4565","4413","4702","4546","4657","5148","4625","4374","4221","4228","4741","5446","13479","13546","14693","14104","14410","13204","12545","12669","14444","15886","17469","18890","18135","20771","23954","25637","25925","25683","25578","22810","20178","",
"Barbados","BRB","Patent applications, nonresidents","IP.PAT.NRES","","","","","","","","","","","","","","","","","","","","","44","38","","","35","","","","","","","","","","","","","","","68","","85","93","121","80","76","44","109","84","79","88","71","36","39","38","45","41","","",
"Brunei Darussalam","BRN","Patent applications, nonresidents","IP.PAT.NRES","","","","","","","","","","","","","","","","","","","","","","","","","","","","","","","","","","88","41","42","21","42","32","34","21","21","21","43","31","26","41","64","75","42","","","11","15","91","","","99","",
"Bhutan","BTN","Patent applications, nonresidents","IP.PAT.NRES","","","","","","","","","","","","","","","","","","","","","","","","","","","","","","","","","","","","","","","","","","","","","","","","","","","","","1","4","","7","1","3","",
"Botswana","BWA","Patent applications, nonresidents","IP.PAT.NRES","","","","","","","","","","","","","","","","","","","","","18","34","29","","","","","","","","","","","","","","","","","","","","","","","","","","","","","8","9","1","5","5","6","4","",
"Central African Republic","CAF","Patent applications, nonresidents","IP.PAT.NRES","","","","","","","","","","","","","","","","","","","","","","","","","","","","","","","","","","","","","","","","","","","","","","","","","","","","","","","","","","","",
"Canada","CAN","Patent applications, nonresidents","IP.PAT.NRES","","","","","","","","","","","","","","","","","","","","","22699","23267","23883","23690","24709","25482","25596","26598","28869","32060","24375","21097","22950","23307","24683","24161","24987","25238","30163","33189","35435","35753","35782","33299","32970","34705","36516","35133","37028","32410","30899","30357","30533","30174","31283","32687","30667","30969","",
"Central Europe and the Baltics","CEB","Patent applications, nonresidents","IP.PAT.NRES","","","","","","","","","","","","","","","","","","","","","4745","4268","3904","3528","3599","2928","2755","3001","2826","2967","3926","3573","5364","8566","8606","8766","9041","12491","12916","16331","17805","17322","18698","14807","9533","6308","1467","1003","768","606","547","542","631","499","495","434","405","413","",
"Switzerland","CHE","Patent applications, nonresidents","IP.PAT.NRES","","","","","","","","","","","","","","","","","","","","","5613","4430","3637","3038","2714","2281","1954","1764","1556","1371","1081","893","903","874","892","830","718","620","564","535","468","594","466","396","434","455","362","342","439","394","533","446","1508","631","568","446","309","291","",
"Channel Islands","CHI","Patent applications, nonresidents","IP.PAT.NRES","","","","","","","","","","","","","","","","","","","","","","","","","","","","","","","","","","","","","","","","","","","","","","","","","","","","","","","","","","","",
"Chile","CHL","Patent applications, nonresidents","IP.PAT.NRES","","","","","","","","","","","","","","","","","","","","","685","744","665","647","602","550","592","621","622","682","642","838","949","1179","1418","1535","1771","2411","2568","2608","2879","2504","2147","2076","2485","2646","2924","3403","3421","1374","748","2453","2683","2732","2653","2831","2521","2469","",
"China","CHN","Patent applications, nonresidents","IP.PAT.NRES","","","","","","","","","","","","","","","","","","","","","","","","","","4493","4515","4084","4872","4910","4305","4051","4387","7534","7876","8688","11114","12102","33645","34418","26560","33412","40426","48548","64598","79842","88183","92101","95259","85508","98111","110583","117464","120200","127042","133612","133522","135885","",
"Cote d'Ivoire","CIV","Patent applications, nonresidents","IP.PAT.NRES","","","","","","","","","","","","","","","","","","","","","","","","","","","","","","","","","","","","","","","","","","","","","","","","","","","","","1","","","","","","",
"Cameroon","CMR","Patent applications, nonresidents","IP.PAT.NRES","","","","","","","","","","","","","","","","","","","","","","","","","","","","","","","","","","","","","","","","","","","","","","","","","","","","","","","","","","","",
"Congo, Dem. Rep.","COD","Patent applications, nonresidents","IP.PAT.NRES","","","","","","","","","","","","","","","","","","","","","100","74","93","66","86","","","","","","","","","","","","","","","","","","","","","","","","","","","","","","","","","","",
"Congo, Rep.","COG","Patent applications, nonresidents","IP.PAT.NRES","","","","","","","","","","","","","","","","","","","","","","","","","","","81","","55","","","","","","21","15","27","","","","","","","","","","","","","","","","","","","","","","",
"Colombia","COL","Patent applications, nonresidents","IP.PAT.NRES","","","","","","","","","","","","","","","","","","","","","335","604","","527","471","441","404","532","420","516","","527","575","769","867","1093","1172","1497","1670","1615","1694","432","858","1127","1365","1662","1861","1862","1818","1551","1739","1770","1848","1781","1898","1921","1658","1777","",
"Comoros","COM","Patent applications, nonresidents","IP.PAT.NRES","","","","","","","","","","","","","","","","","","","","","","","","","","","","","","","","","","","","","","","","","","","","","","","","","","","","","","","","","","","",
"Cabo Verde","CPV","Patent applications, nonresidents","IP.PAT.NRES","","","","","","","","","","","","","","","","","","","","","","","","","","","","","","","","","","","","","","","","","","","","","","","","","","","","","","","","","","","",
"Costa Rica","CRI","Patent applications, nonresidents","IP.PAT.NRES","","","","","","","","","","","","","","","","","","","","","85","91","61","74","","","54","33","38","27","41","","","91","","","","","","","","","","","","","","","","","606","630","600","582","552","584","496","504","",
"Caribbean small states","CSS","Patent applications, nonresidents","IP.PAT.NRES","","","","","","","","","","","","","","","","","","","","","","","","","","","","","","","","","143","","","","","","","","","403","","","362","373","495","631","539","","","","514","481","552","410","356","319","",
"Cuba","CUB","Patent applications, nonresidents","IP.PAT.NRES","","","","","","","","","","","","","","","","","","","","","70","58","39","31","28","","","","","","26","24","19","13","31","33","40","31","","127","","","","","","180","163","210","189","172","","184","140","143","126","","163","145","",
"Curacao","CUW","Patent applications, nonresidents","IP.PAT.NRES","","","","","","","","","","","","","","","","","","","","","","","","","","","","","","","","","","","","","","","","","","","","","","","","","","","","","","","","","","","",
"Cayman Islands","CYM","Patent applications, nonresidents","IP.PAT.NRES","","","","","","","","","","","","","","","","","","","","","","","","","","","","","","","","","","","","","","","","","","","","","","","","","","","","","","","","","","","",
"Cyprus","CYP","Patent applications, nonresidents","IP.PAT.NRES","","","","","","","","","","","","","","","","","","","","","66","34","38","46","54","43","30","","","","43","53","57","","","","","","","","","","","85","85","44","","16","10","6","4","8","8","1","","1","1","4","",
"Czech Republic","CZE","Patent applications, nonresidents","IP.PAT.NRES","","","","","","","","","","","","","","","","","","","","","","","","","","","","","","","","","","2040","2593","2893","3247","3661","3771","4204","4384","4184","5031","2954","629","244","195","192","142","92","114","97","150","97","62","72","47","66","",
"Germany","DEU","Patent applications, nonresidents","IP.PAT.NRES","","","","","","","","","","","","","","","","","","","","","19900","16738","17158","15445","13225","12180","10945","9933","9332","9168","8605","7784","7404","6995","7261","8055","9511","11291","10843","9502","10406","10486","10589","10663","10786","11855","12573","13139","13177","11724","12198","12458","14720","15814","17811","19509","19419","19927","",
"Djibouti","DJI","Patent applications, nonresidents","IP.PAT.NRES","","","","","","","","","","","","","","","","","","","","","","","","","","","","","","","","","","","","","","","","","","","","","","","","","","","","","","2","4","","","","",
"Dominica","DMA","Patent applications, nonresidents","IP.PAT.NRES","","","","","","","","","","","","","","","","","","","","","","","","","","","","","","","","","","","","2","","","","","","","","","","","","","","","","","","","","","","","",
"Denmark","DNK","Patent applications, nonresidents","IP.PAT.NRES","","","","","","","","","","","","","","","","","","","","","4605","4745","4706","4920","5312","5236","5386","4759","6124","4683","1843","370","361","254","176","250","196","218","166","131","140","188","169","153","138","165","188","197","195","131","142","197","229","193","206","270","298","282","",
"Dominican Republic","DOM","Patent applications, nonresidents","IP.PAT.NRES","","","","","","","","","","","","","","","","","","","","","","","","66","","","135","","","","","","","","","","","","","","","","","","","","","","","","","","264","256","245","231","257","269","",
"Algeria","DZA","Patent applications, nonresidents","IP.PAT.NRES","","","","","","","","","","","","","","","","","","","","","349","340","320","278","345","","","","201","200","229","170","164","138","118","134","150","207","267","248","127","94","291","296","334","465","611","765","","","730","803","781","722","719","716","566","594","",
"East Asia & Pacific (excluding high income)","EAP","Patent applications, nonresidents","IP.PAT.NRES","","","","","","","","","","","","","","","","","","","","","","","","","","8724","7387","10300","9094","10558","10262","11369","14204","16661","18617","21719","28369","32138","50152","51590","45489","51367","54476","63559","81467","99806","107167","110515","116506","104553","115741","130605","135351","145727","155059","163352","162776","163675","",
"Early-demographic dividend","EAR","Patent applications, nonresidents","IP.PAT.NRES","","","","","","","","","","","","","","","","","","","","","24414","24901","25600","","23555","19957","18947","19750","17971","20336","23635","24083","29111","29392","33658","32201","39371","47004","44800","41888","51293","52331","49234","46988","53527","64542","72816","82844","82710","70431","78109","80725","76766","81726","81510","87214","84700","82402","",
"East Asia & Pacific","EAS","Patent applications, nonresidents","IP.PAT.NRES","","","","","","","","","","","","","","","","","","","","","","","","","","47035","46687","52937","55111","59186","59681","56901","58663","58571","61892","96155","121769","141976","161025","160400","151653","182347","182559","187296","214046","243859","260199","270366","271580","239890","256588","276482","282803","301204","312922","322664","320693","321566","",
"Europe & Central Asia (excluding high income)","ECA","Patent applications, nonresidents","IP.PAT.NRES","","","","","","","","","","","","","","","","","","","","","","","","","","","","","","","","","","10180","9689","11851","12699","14028","14219","14412","15759","16382","14656","14087","11253","13171","13901","16084","19283","16912","17880","19011","19071","20132","19905","19908","18134","17043","",
"Europe & Central Asia","ECS","Patent applications, nonresidents","IP.PAT.NRES","","","","","","","","","","","","","","","","","","","","","","","","","","","","","","","","","53644","47632","46804","50659","54119","59777","59066","63593","68488","66869","65595","61699","52641","52533","46859","48909","49237","42736","42527","44797","48906","50615","51881","53123","52725","52588","",
"Ecuador","ECU","Patent applications, nonresidents","IP.PAT.NRES","","","","","","","","","","","","","","","","","","","","","152","180","122","112","96","","104","78","97","94","","75","84","100","335","270","354","302","","475","541","256","101","415","489","580","751","794","847","668","690","","","475","358","475","329","401","",
"Egypt, Arab Rep.","EGY","Patent applications, nonresidents","IP.PAT.NRES","","","","","","","","","","","","","","","","","","","","","731","738","713","727","704","671","667","596","474","462","511","479","517","503","528","693","706","","1139","1146","1081","923","788","626","312","1008","","1589","1649","1452","1625","1591","1528","1416","1384","1337","1231","","",
"Euro area","EMU","Patent applications, nonresidents","IP.PAT.NRES","","","","","","","","","","","","","","","","","","","","","80033","60447","55947","62563","47596","51977","40688","31708","38014","30901","28634","24455","21749","18673","17325","17294","19662","19698","18877","18911","20504","18971","18398","17949","16500","16811","18074","18056","17286","15559","16058","16820","19030","20358","21940","22930","23906","24727","",
"Eritrea","ERI","Patent applications, nonresidents","IP.PAT.NRES","","","","","","","","","","","","","","","","","","","","","","","","","","","","","","","","","","","","","","","","","","","","","","","","","","","","","","","","","","","",
"Spain","ESP","Patent applications, nonresidents","IP.PAT.NRES","","","","","","","","","","","","","","","","","","","","","9001","8509","8555","8352","8916","9149","8581","2590","2209","2318","1079","746","561","563","537","553","524","496","476","506","484","467","371","367","313","313","316","265","252","207","213","196","209","218","225","221","177","176","",
"Estonia","EST","Patent applications, nonresidents","IP.PAT.NRES","","","","","","","","","","","","","","","","","","","","","","","","","","","","","","","","","","","452","63","198","360","443","604","791","699","700","584","97","15","9","19","10","20","13","15","5","17","6","6","1","4","",
"Ethiopia","ETH","Patent applications, nonresidents","IP.PAT.NRES","","","","","","","","","","","","","","","","","","","","","","","","","","","","","","","","","","","","","","","11","18","9","15","12","6","3","4","5","25","","","","","","","","","","","",
"European Union","EUU","Patent applications, nonresidents","IP.PAT.NRES","","","","","","","","","","","","","","","","","","","","","116469","91834","84562","88767","72947","74756","61831","51582","58361","49458","44404","37456","35374","33365","33081","34429","37329","41225","40452","44038","47129","45093","46259","42656","36945","33634","28221","27110","25293","23125","23454","24728","27836","29108","30851","31905","33052","34418","",
"Fragile and conflict affected situations","FCS","Patent applications, nonresidents","IP.PAT.NRES","","","","","","","","","","","","","","","","","","","","","","","","","","","","","","","","","","","","","","","","","","","","","","","","","","","","","","","","","","","",
"Finland","FIN","Patent applications, nonresidents","IP.PAT.NRES","","","","","","","","","","","","","","","","","","","","","2734","2809","2907","3178","3408","3472","3627","3941","4084","4417","4410","2671","3953","2052","1842","1733","483","250","212","343","324","270","207","215","209","229","202","211","147","127","102","124","129","141","126","127","108","139","",
"Fiji","FJI","Patent applications, nonresidents","IP.PAT.NRES","","","","","","","","","","","","","","","","","","","","","11","14","","","","18","17","","","","","","","","","","","","","","","","","","","","","","","","","","","","","","","","",
"France","FRA","Patent applications, nonresidents","IP.PAT.NRES","","","","","","","","","","","","","","","","","","","","","16989","13723","11561","10029","8867","7543","6369","5875","5194","4986","4260","3908","3547","3402","3520","3477","3484","3637","3544","3282","3483","3605","3389","3339","3060","2948","2720","2387","1761","1593","1832","2099","2092","2196","2033","1994","2012","1832","",
"Faroe Islands","FRO","Patent applications, nonresidents","IP.PAT.NRES","","","","","","","","","","","","","","","","","","","","","","","","","","","","","","","","","","","","","","","","","","","","","","","","","","","","","","","","","","","",
"Micronesia, Fed. Sts.","FSM","Patent applications, nonresidents","IP.PAT.NRES","","","","","","","","","","","","","","","","","","","","","","","","","","","","","","","","","","","","","","","","","","","","","","","","","","","","","","","","","","","",
"Gabon","GAB","Patent applications, nonresidents","IP.PAT.NRES","","","","","","","","","","","","","","","","","","","","","","","","","","","","","","","","","","","","","","","","","","","","","","","","","","","","","","","","","","","",
"United Kingdom","GBR","Patent applications, nonresidents","IP.PAT.NRES","","","","","","","","","","","","","","","","","","","","","22000","18406","16563","14798","13735","12293","11063","10419","9935","9637","8928","8357","7839","7922","8081","8891","9821","10171","10083","10399","10697","10658","10907","11198","10776","10155","8261","7624","6856","6480","6439","6916","7865","7966","7844","7934","8183","8771","",
"Georgia","GEO","Patent applications, nonresidents","IP.PAT.NRES","","","","","","","","","","","","","","","","","","","","","","","","","","","","","","","","","210","178","159","420","173","205","229","190","186","221","204","171","208","250","299","316","241","218","179","260","233","219","187","172","178","157","",
"Ghana","GHA","Patent applications, nonresidents","IP.PAT.NRES","","","","","","","","","","","","","","","","","","","","","17","19","18","14","","","15","16","","12","20","12","11","","39","","","","","","","","","","","","","","","","","","","","","","17","11","",
"Gibraltar","GIB","Patent applications, nonresidents","IP.PAT.NRES","","","","","","","","","","","","","","","","","","","","","","","","","","","","","","","","","","","","","","","","","","","","","","","","","","","","","","","","","","","",
"Guinea","GIN","Patent applications, nonresidents","IP.PAT.NRES","","","","","","","","","","","","","","","","","","","","","","","","","","","","","","","","","","","","","","","","","","","","","","","","","","","","","","","","","","","",
"Gambia, The","GMB","Patent applications, nonresidents","IP.PAT.NRES","","","","","","","","","","","","","","","","","","","","","","","","","","","","","","","","","","","","","","","","","","","","","","","","","","","","","","","","2","2","4","",
"Guinea-Bissau","GNB","Patent applications, nonresidents","IP.PAT.NRES","","","","","","","","","","","","","","","","","","","","","","","","","","","","","","","","","","","","","","","","","","","","","","","","","","","","","","","","","","","",
"Equatorial Guinea","GNQ","Patent applications, nonresidents","IP.PAT.NRES","","","","","","","","","","","","","","","","","","","","","","","","","","","","","","","","","","","","","","","","","","","","","","","","","","","","","","","","","","","",
"Greece","GRC","Patent applications, nonresidents","IP.PAT.NRES","","","","","","","","","","","","","","","","","","","","","1570","1843","1911","1936","2142","2035","1714","586","457","454","466","192","211","171","139","46","37","57","34","33","34","49","36","27","28","20","30","20","30","22","16","20","28","19","19","23","40","91","",
"Grenada","GRD","Patent applications, nonresidents","IP.PAT.NRES","","","","","","","","","","","","","","","","","","","","","2","","","","","","","","","","","","","","","","","","","","","","","","","","","","","","","","26","33","17","9","17","","",
"Greenland","GRL","Patent applications, nonresidents","IP.PAT.NRES","","","","","","","","","","","","","","","","","","","","","","","","","","","","","","","","","","","","","","","","","","","","","","","","","","","","","","","","","","","",
"Guatemala","GTM","Patent applications, nonresidents","IP.PAT.NRES","","","","","","","","","","","","","","","","","","","","","","","168","","115","92","106","76","82","75","97","104","79","94","99","77","142","175","218","267","250","285","293","296","266","388","500","99","306","322","374","327","337","319","288","341","266","275","",
"Guam","GUM","Patent applications, nonresidents","IP.PAT.NRES","","","","","","","","","","","","","","","","","","","","","","","","","","","","","","","","","","","","","","","","","","","","","","","","","","","","","","","","","","","",
"Guyana","GUY","Patent applications, nonresidents","IP.PAT.NRES","","","","","","","","","","","","","","","","","","","","","","","","12","5","16","8","3","","","6","","","","","","","","","","","","","","","","","","","","","","14","16","19","13","18","23","",
"High income","HIC","Patent applications, nonresidents","IP.PAT.NRES","","","","","","","","","","","","","","","","","","","","","233544","186043","180655","209756","204462","199104","191303","194093","211864","215800","208093","196997","202292","191758","205729","247357","270001","287512","295691","316133","335279","375860","373758","366136","383364","410033","438037","454249","457899","432746","453213","469110","492816","510346","526154","539913","544915","551643","",
"Hong Kong SAR, China","HKG","Patent applications, nonresidents","IP.PAT.NRES","","","","","","","","","","","","","","","","","","","","","","","","871","810","955","1027","1107","1056","886","1060","1076","1248","1186","1619","1938","2059","2359","14539","5998","8244","8840","9018","8995","9878","11607","13618","13606","13489","11708","11569","13312","12817","13690","12350","11973","13859","12975","",
"Honduras","HND","Patent applications, nonresidents","IP.PAT.NRES","","","","","","","","","","","","","","","","","","","","","40","","183","24","19","16","","31","27","","17","","30","","","40","126","","","148","135","155","161","","","","","","","","","253","233","211","","224","185","189","",
"Heavily indebted poor countries (HIPC)","HPC","Patent applications, nonresidents","IP.PAT.NRES","","","","","","","","","","","","","","","","","","","","","","","","","","","","","","","","","","","","","","","","","","","","","","","","","","","","","","","","","","","",
"Croatia","HRV","Patent applications, nonresidents","IP.PAT.NRES","","","","","","","","","","","","","","","","","","","","","","","","","","","","","","","","","1010","746","584","335","356","439","352","144","538","599","703","699","839","649","119","93","71","68","21","21","32","23","30","17","13","11","",
"Haiti","HTI","Patent applications, nonresidents","IP.PAT.NRES","","","","","","","","","","","","","","","","","","","","","13","","24","15","11","15","20","9","4","","","5","","","","","6","","","5","","","","","","","","","","","","13","15","11","19","","","","",
"Hungary","HUN","Patent applications, nonresidents","IP.PAT.NRES","","","","","","","","","","","","","","","","","","","","","1571","1528","1559","1530","1606","1531","1606","1630","1629","1666","1976","1799","1633","1323","1328","1793","850","888","904","3779","4127","4529","5064","4054","1909","497","206","102","89","30","47","36","66","66","73","64","49","36","",
"IBRD only","IBD","Patent applications, nonresidents","IP.PAT.NRES","","","","","","","","","","","","","","","","","","","","","","","","","","30994","28393","32405","29769","32893","36288","36982","55364","55145","60458","63879","79028","102543","119485","116523","119366","125710","127098","134071","157281","188729","201100","217671","229236","202330","221331","244668","253558","262639","271181","282469","273585","271319","",
"IDA & IBRD total","IBT","Patent applications, nonresidents","IP.PAT.NRES","","","","","","","","","","","","","","","","","","","","","","","","","","32136","29121","33051","30335","33323","37441","37813","56454","56517","62072","65274","80939","104392","121138","118661","121431","127979","129094","135856","159058","190658","203633","219900","231375","203081","223214","247628","256440","265801","273270","284465","275413","273276","",
"IDA total","IDA","Patent applications, nonresidents","IP.PAT.NRES","","","","","","","","","","","","","","","","","","","","","","","","","","","","","","","","","","","","","","","","","","","","","","","","","","","","","","","","","","","",
"IDA blend","IDB","Patent applications, nonresidents","IP.PAT.NRES","","","","","","","","","","","","","","","","","","","","","","","","","","","","","","","931","","","","","","","","","","","","","","","","","","","","","2015","1913","2305","","","","","",
"Indonesia","IDN","Patent applications, nonresidents","IP.PAT.NRES","","","","","","","","","","","","","","","","","","","","","475","","636","682","559","731","591","601","","661","","1280","3905","2031","2305","2813","3957","3939","1753","2784","3733","3714","3609","3099","3441","4069","4324","4850","4747","4103","5122","5297","","6787","7321","8095","8538","7032","",
"IDA only","IDX","Patent applications, nonresidents","IP.PAT.NRES","","","","","","","","","","","","","","","","","","","","","","","","","","","","","","","","","","","","","","","","","","","","","","","","","","","","","","","","","","","",
"Isle of Man","IMN","Patent applications, nonresidents","IP.PAT.NRES","","","","","","","","","","","","","","","","","","","","","","","","","","","","","","","","","","","","","","","","","","","","","","","","","","","","","","","","","","","",
"India","IND","Patent applications, nonresidents","IP.PAT.NRES","","","","","","","","","","","","","","","","","","","","","1817","1834","1948","","2291","2493","2497","2520","2504","2600","2673","2328","2176","2511","3212","5021","6901","8229","6707","2620","6332","8213","8772","9188","13452","19661","23242","28922","30387","27025","30909","33450","34402","32362","30814","33079","31858","31621","",
"Not classified","INX","Patent applications, nonresidents","IP.PAT.NRES","","","","","","","","","","","","","","","","","","","","","","","","","","","","","","","","","","","","","","","","","","","","","","","","","","","","","","","","","","","",
"Ireland","IRL","Patent applications, nonresidents","IP.PAT.NRES","","","","","","","","","","","","","","","","","","","","","2355","2649","2676","2527","2721","2614","2678","2846","3174","3494","4001","3794","2203","229","198","150","134","144","123","118","155","150","68","77","58","75","97","78","76","53","59","67","63","57","58","190","85","86","",
"Iran, Islamic Rep.","IRN","Patent applications, nonresidents","IP.PAT.NRES","","","","","","","","","","","","","","","","","","","","","493","321","273","280","312","223","","165","173","170","173","165","175","164","131","129","227","115","159","177","206","302","285","355","356","443","557","502","552","516","528","489","432","338","119","","702","995","",
"Iraq","IRQ","Patent applications, nonresidents","IP.PAT.NRES","","","","","","","","","","","","","","","","","","","","","126","107","129","128","94","77","54","49","52","75","","","25","28","25","24","18","","","","","","","","","","","","","","","","","","","102","","101","",
"Iceland","ISL","Patent applications, nonresidents","IP.PAT.NRES","","","","","","","","","","","","","","","","","","","","","58","79","62","62","70","71","92","91","110","87","113","99","121","112","108","49","75","216","254","357","825","713","379","748","463","545","326","53","31","22","19","21","7","13","13","6","3","8","",
"Israel","ISR","Patent applications, nonresidents","IP.PAT.NRES","","","","","","","","","","","","","","","","","","","","","2104","2132","2207","2295","2690","2727","2830","3035","2859","3048","2856","2630","2327","2635","2701","3159","2101","1445","3106","3904","5203","5521","5095","4569","4870","5157","6154","6394","6214","5387","5856","5526","5473","4984","5148","5623","5119","5377","",
"Italy","ITA","Patent applications, nonresidents","IP.PAT.NRES","","","","","","","","","","","","","","","","","","","","","9971","","","12080","","7851","","","8000","","","","486","483","439","","1678","","","1172","1396","","","","","","","870","861","903","846","927","871","905","781","","973","1031","",
"Jamaica","JAM","Patent applications, nonresidents","IP.PAT.NRES","","","","","","","","","","","","","","","","","","","","","","","","93","93","","","101","","","77","39","59","64","60","54","77","61","","","90","72","54","41","61","59","132","157","121","110","142","93","82","97","122","63","59","57","",
"Jordan","JOR","Patent applications, nonresidents","IP.PAT.NRES","","","","","","","","","","","","","","","","","","","","","68","91","24","","","","","","","61","","","","","","","","","","","127","147","117","157","141","169","428","507","535","446","429","360","346","357","339","294","256","174","",
"Japan","JPN","Patent applications, nonresidents","IP.PAT.NRES","","","","","","","","","","","","","","","","","","","","","25290","","","24977","26119","25503","26030","25976","26984","27787","27752","26026","24699","23726","21940","35061","37629","52407","44716","46926","35342","57433","56601","54909","54665","59118","61614","62793","60892","53281","54517","55030","55783","56705","60030","59882","58137","58189","",
"Kazakhstan","KAZ","Patent applications, nonresidents","IP.PAT.NRES","","","","","","","","","","","","","","","","","","","","","","","","","","","","","","","","","12","1205","183","342","325","303","159","111","116","99","103","102","111","103","124","194","189","314","273","317","","378","271","232","231","173","",
"Kenya","KEN","Patent applications, nonresidents","IP.PAT.NRES","","","","","","","","","","","","","","","","","","","","","96","75","76","100","122","98","107","108","55","65","","20","","37","","","38","40","34","30","","","49","73","53","59","41","91","89","123","120","122","136","114","75","56","59","43","",
"Kyrgyz Republic","KGZ","Patent applications, nonresidents","IP.PAT.NRES","","","","","","","","","","","","","","","","","","","","","","","","","","","","","","","","","","","259","29","142","55","12","2","4","14","5","1","","","","3","3","3","6","5","1","3","7","4","5","9","",
"Cambodia","KHM","Patent applications, nonresidents","IP.PAT.NRES","","","","","","","","","","","","","","","","","","","","","","","","","","","","","","","","","","","","","","","","","","","","","","","","13","39","28","26","43","53","74","65","65","","","",
"Kiribati","KIR","Patent applications, nonresidents","IP.PAT.NRES","","","","","","","","","","","","","","","","","","","","","","","","","","1","","","","","","","","","","","","","","2","","","","","","","","","","","","","","","","","","","",
"St. Kitts and Nevis","KNA","Patent applications, nonresidents","IP.PAT.NRES","","","","","","","","","","","","","","","","","","","","","","","","","","","","","","","","","","","","","","","","","","","","","","","","","","","","","","","","4","5","9","",
"Korea, Rep.","KOR","Patent applications, nonresidents","IP.PAT.NRES","","","","","","","","","","","","","","","","","","","","","3829","3984","4368","4795","6636","7883","9115","12186","14355","16295","16738","14880","15122","15044","17158","19271","21921","25325","24637","24672","29179","30898","29566","28338","34865","38733","40713","43768","43518","36207","38296","40890","40779","44611","46219","46419","45406","45691","",
"Kuwait","KWT","Patent applications, nonresidents","IP.PAT.NRES","","","","","","","","","","","","","","","","","","","","","","","","","","","","","","","","","","","","","","","","","","","","","","","","","","","","","","","","","","","",
"Latin America & Caribbean (excluding high income)","LAC","Patent applications, nonresidents","IP.PAT.NRES","","","","","","","","","","","","","","","","","","","","","17077","18084","16052","14179","13482","9899","9854","10637","9156","10438","13158","13327","16050","17257","19925","15068","20140","33770","31333","35623","38690","34963","34511","32977","34160","38878","42897","45520","46996","41707","44493","47297","50333","51141","51640","52064","47386","44633","",
"Lao PDR","LAO","Patent applications, nonresidents","IP.PAT.NRES","","","","","","","","","","","","","","","","","","","","","","","","","","","","","","","","","","","","","","","","","","","","","","","","","","","","","","","","","","","",
"Lebanon","LBN","Patent applications, nonresidents","IP.PAT.NRES","","","","","","","","","","","","","","","","","","","","","","","","","","","","","","","","","","","","","","","","","","","","","","","","","","","","","","250","261","194","","","",
"Liberia","LBR","Patent applications, nonresidents","IP.PAT.NRES","","","","","","","","","","","","","","","","","","","","","","","","","","","","","","","","11","","21","","","","","","","","","","","","","","","","","","","","","","","","","",
"Libya","LBY","Patent applications, nonresidents","IP.PAT.NRES","","","","","","","","","","","","","","","","","","","","","","","","","","","","","","24","47","22","","21","21","37","23","","","","","","","","","","","","","","","","","","","","","","",
"St. Lucia","LCA","Patent applications, nonresidents","IP.PAT.NRES","","","","","","","","","","","","","","","","","","","","","14","10","","5","1","","","","","","2","","1","","","4","5","","","","","7","","","","","","","","","","","","","","","","","",
"Latin America & Caribbean","LCN","Patent applications, nonresidents","IP.PAT.NRES","","","","","","","","","","","","","","","","","","","","","18232","19234","17104","15134","14402","10674","10690","11432","10033","11275","13878","14397","17288","18725","21650","16949","22345","36705","34477","38944","42448","38334","37438","35909","37444","42394","46868","50088","51858","44280","46558","50916","54267","54246","55556","56108","50481","48214","",
"Least developed countries: UN classification","LDC","Patent applications, nonresidents","IP.PAT.NRES","","","","","","","","","","","","","","","","","","","","","","","","","","","","","","","","","","","","","","","","","","","","","","","","","","","","","","","","","","","",
"Low income","LIC","Patent applications, nonresidents","IP.PAT.NRES","","","","","","","","","","","","","","","","","","","","","","","","","","","","","","","","","","","","","","","","","","","","","","","","","","","","","","","","","","","",
"Liechtenstein","LIE","Patent applications, nonresidents","IP.PAT.NRES","","","","","","","","","","","","","","","","","","","","","","","","","","","","","","","","","","","","","","","","","","","","","","","","","","","","","","","","","","","",
"Sri Lanka","LKA","Patent applications, nonresidents","IP.PAT.NRES","","","","","","","","","","","","","","","","","","","","","67","102","76","85","78","80","103","90","92","94","83","92","91","77","57","113","114","193","158","248","250","236","202","189","195","211","270","279","264","200","235","235","","188","","263","293","266","",
"Lower middle income","LMC","Patent applications, nonresidents","IP.PAT.NRES","","","","","","","","","","","","","","","","","","","","","6220","","5947","","5984","6944","6141","6197","","6251","6561","7104","9605","10792","10722","14355","18381","20274","17751","14706","19551","20467","18109","18960","25113","33933","38400","47242","49110","42412","50066","53460","48852","54145","52493","55768","54642","52503","",
"Low & middle income","LMY","Patent applications, nonresidents","IP.PAT.NRES","","","","","","","","","","","","","","","","","","","","","","","","","","30631","27617","31519","28735","31656","35495","35716","52908","53303","58467","61825","77115","97099","113514","110720","112236","119766","121265","128373","149656","182260","199151","215273","226425","200505","221028","244038","252513","262756","269446","280378","272408","269760","",
"Lesotho","LSO","Patent applications, nonresidents","IP.PAT.NRES","","","","","","","","","","","","","","","","","","","","","","","","","","","","","","14","","","","","","2","","","","","","","","","","","","","","","","","","","","","","","",
"Late-demographic dividend","LTE","Patent applications, nonresidents","IP.PAT.NRES","","","","","","","","","","","","","","","","","","","","","","","","","","16635","15267","18664","17972","19158","20645","20404","31291","28127","30551","36340","44121","59153","80616","81754","76429","81597","85257","93434","108477","129064","134843","141189","151777","135458","148621","170947","183317","187740","196753","204493","197159","199629","",
"Lithuania","LTU","Patent applications, nonresidents","IP.PAT.NRES","","","","","","","","","","","","","","","","","","","","","","","","","","","","","","","","","117","1036","180","27","78","77","71","71","61","55","46","49","44","47","34","20","18","16","6","15","15","20","42","18","58","46","",
"Luxembourg","LUX","Patent applications, nonresidents","IP.PAT.NRES","","","","","","","","","","","","","","","","","","","","","897","708","616","","496","439","407","300","248","169","165","119","","166","74","69","77","102","68","86","91","70","42","8","18","64","26","25","23","24","21","43","52","56","90","119","301","512","",
"Latvia","LVA","Patent applications, nonresidents","IP.PAT.NRES","","","","","","","","","","","","","","","","","","","","","","","","","","","","","","","","","70","163","87","90","273","40","90","91","81","63","64","24","43","57","37","8","9","3","7","10","12","8","4","1","18","7","",
"Macao SAR, China","MAC","Patent applications, nonresidents","IP.PAT.NRES","","","","","","","","","","","","","","","","","","","","","","","","","","","","","","","","","","","","","","","","","","7","12","","22","119","131","291","208","123","58","56","53","54","104","62","51","67","",
"St. Martin (French part)","MAF","Patent applications, nonresidents","IP.PAT.NRES","","","","","","","","","","","","","","","","","","","","","","","","","","","","","","","","","","","","","","","","","","","","","","","","","","","","","","","","","","","",
"Morocco","MAR","Patent applications, nonresidents","IP.PAT.NRES","","","","","","","","","","","","","","","","","","","","","315","299","284","300","294","255","225","234","238","204","268","301","","256","253","292","237","","401","","","","","","457","520","732","782","834","856","882","880","843","828","742","797","1066","2026","",
"Monaco","MCO","Patent applications, nonresidents","IP.PAT.NRES","","","","","","","","","","","","","","","","","","","","","54","56","37","46","51","54","40","55","67","50","56","42","13","11","14","17","23","13","15","14","7","14","4","3","2","5","7","5","3","7","5","3","4","","4","1","7","17","",
"Moldova","MDA","Patent applications, nonresidents","IP.PAT.NRES","","","","","","","","","","","","","","","","","","","","","","","","","","","","","","","","","","36","296","39","135","57","23","15","10","17","30","3","9","11","9","14","22","5","11","11","22","29","72","60","64","37","",
"Madagascar","MDG","Patent applications, nonresidents","IP.PAT.NRES","","","","","","","","","","","","","","","","","","","","","","","","","","","","","","","","","","","20","16","23","36","30","37","48","38","25","20","22","35","40","67","63","43","34","58","40","47","29","16","30","42","",
"Maldives","MDV","Patent applications, nonresidents","IP.PAT.NRES","","","","","","","","","","","","","","","","","","","","","","","","","","","","","","","","","","","","","","","","","","","","","","","","","","","","","","","","","","","",
"Middle East & North Africa","MEA","Patent applications, nonresidents","IP.PAT.NRES","","","","","","","","","","","","","","","","","","","","","4562","4332","4087","4249","4720","4191","","4216","4129","4433","4674","4384","3997","4630","4633","5382","4477","","6609","6911","7914","7990","7432","6659","7626","8475","","11650","","","11263","12342","11484","11713","11402","13454","12586","14907","",
"Mexico","MEX","Patent applications, nonresidents","IP.PAT.NRES","","","","","","","","","","","","","","","","","","","","","4768","5232","4763","3861","3771","3091","3071","3509","3748","3817","4400","4707","7130","7659","9446","4961","6365","10111","10440","11655","12630","13031","12536","11739","12633","13851","14931","15970","15896","13459","13625","12990","14020","14234","14889","16707","16103","15850","",
"Marshall Islands","MHL","Patent applications, nonresidents","IP.PAT.NRES","","","","","","","","","","","","","","","","","","","","","","","","","","","","","","","","","","","","","","","","","","","","","","","","","","","","","","","","","","","",
"Middle income","MIC","Patent applications, nonresidents","IP.PAT.NRES","","","","","","","","","","","","","","","","","","","","","","","","","","30516","27547","31402","28622","31570","35404","35666","52838","53223","58216","61667","76852","96940","113421","110603","112077","119651","121151","128280","149554","182075","198865","215050","226343","200386","220871","243858","252310","262610","269278","280231","272182","269189","",
"North Macedonia","MKD","Patent applications, nonresidents","IP.PAT.NRES","","","","","","","","","","","","","","","","","","","","","","","","","","","","","","","","","","50","178","76","13","118","60","2","53","59","209","23","9","15","4","13","5","11","1","3","3","4","","","","","",
"Mali","MLI","Patent applications, nonresidents","IP.PAT.NRES","","","","","","","","","","","","","","","","","","","","","","7","","","","","","","","","","","","","","","","","","","","","","","","","","","","","","","","","","","","","",
"Malta","MLT","Patent applications, nonresidents","IP.PAT.NRES","","","","","","","","","","","","","","","","","","","","","17","17","15","16","15","20","12","17","14","13","17","21","22","16","21","13","18","24","26","72","93","107","180","","471","","805","29","34","21","7","6","6","4","8","2","1","","",
"Myanmar","MMR","Patent applications, nonresidents","IP.PAT.NRES","","","","","","","","","","","","","","","","","","","","","","","","","","","","","","","","","","","","","","","","","","","","","","","","","","","","","","","","","","","",
"Middle East & North Africa (excluding high income)","MNA","Patent applications, nonresidents","IP.PAT.NRES","","","","","","","","","","","","","","","","","","","","","2394","2155","1824","1910","1950","1428","","1164","1256","1314","1362","1241","1012","1250","1224","1492","1548","","2191","1791","1821","1679","1605","1603","1890","2944","","4585","","","4757","4703","4455","4387","3992","3874","4185","4302","",
"Montenegro","MNE","Patent applications, nonresidents","IP.PAT.NRES","","","","","","","","","","","","","","","","","","","","","","","","","","","","","","","","","","","","","","","","","","","","","","","","","914","","136","83","41","","","","","","",
"Mongolia","MNG","Patent applications, nonresidents","IP.PAT.NRES","","","","","","","","","","","","","","","","","","","","","","","","32","11","","","","","","","1","2","6","21","52","23","3","32","","","76","105","86","86","87","110","","","67","69","","","132","126","128","107","104","",
"Northern Mariana Islands","MNP","Patent applications, nonresidents","IP.PAT.NRES","","","","","","","","","","","","","","","","","","","","","","","","","","","","","","","","","","","","","","","","","","","","","","","","","","","","","","","","","","","",
"Mozambique","MOZ","Patent applications, nonresidents","IP.PAT.NRES","","","","","","","","","","","","","","","","","","","","","","","","","","","","","","","","","","","","","","","","18","8","1","9","16","4","14","17","26","14","17","25","15","26","30","46","30","25","","",
"Mauritania","MRT","Patent applications, nonresidents","IP.PAT.NRES","","","","","","","","","","","","","","","","","","","","","","","","","","","","","","","","","","","","","","","","","","","","","","","","","","","","","","","","","","","",
"Mauritius","MUS","Patent applications, nonresidents","IP.PAT.NRES","","","","","","","","","","","","","","","","","","","","","10","19","8","","","5","21","5","14","11","3","8","12","4","12","4","19","12","12","","","","","","","","","","22","","","19","14","18","18","20","36","18","",
"Malawi","MWI","Patent applications, nonresidents","IP.PAT.NRES","","","","","","","","","","","","","","","","","","","","","51","41","49","37","26","35","39","53","33","34","33","21","12","15","12","33","30","26","18","","17","","","","","","","","","","","","","","","","1","","",
"Malaysia","MYS","Patent applications, nonresidents","IP.PAT.NRES","","","","","","","","","","","","","","","","","","","","","","","","","","1329","233","3195","1547","1803","2213","2321","2260","2684","3364","3911","5354","6272","5770","5624","6021","5663","4615","4686","4920","5764","4269","1702","4485","4503","5152","5376","5826","6006","6267","6455","6127","5906","",
"North America","NAC","Patent applications, nonresidents","IP.PAT.NRES","","","","","","","","","","","","","","","","","","","","","64930","67276","70192","68002","74152","77044","81317","90120","97513","108397","104895","105257","113872","107548","120205","128341","130041","126520","132409","149701","166535","184711","185982","186799","200377","217571","240698","249940","261761","263604","279148","286189","304566","313955","324989","333762","340911","344021","",
"Namibia","NAM","Patent applications, nonresidents","IP.PAT.NRES","","","","","","","","","","","","","","","","","","","","","","","","","","","","","","","158","130","","120","","","","","","","","","","","","","","","","","","","","","","11","14","15","",
"New Caledonia","NCL","Patent applications, nonresidents","IP.PAT.NRES","","","","","","","","","","","","","","","","","","","","","","","","","","","","","","","","","","","","","","","","","","","","","","","","","","","","","","","","","","","",
"Niger","NER","Patent applications, nonresidents","IP.PAT.NRES","","","","","","","","","","","","","","","","","","","","","","","","","","","","","","","","","","","","","","","","","","","","","","","","","","","","","","","","","","","",
"Nigeria","NGA","Patent applications, nonresidents","IP.PAT.NRES","","","","","","","","","","","","","","","","","","","","","","","","","","431","","","","","246","","","","","","","","","","","","","","","","","","","","","747","676","869","","","","","",
"Nicaragua","NIC","Patent applications, nonresidents","IP.PAT.NRES","","","","","","","","","","","","","","","","","","","","","","","","64","49","33","39","","","","","","39","34","","35","","","","136","129","","","","","","","","","","","208","172","124","145","","","","",
"Netherlands","NLD","Patent applications, nonresidents","IP.PAT.NRES","","","","","","","","","","","","","","","","","","","","","5532","4228","3212","2611","2139","1658","1464","1201","1068","993","764","595","555","560","501","569","633","637","549","506","529","543","481","573","556","633","548","367","311","279","240","310","338","449","288","287","314","365","",
"Norway","NOR","Patent applications, nonresidents","IP.PAT.NRES","","","","","","","","","","","","","","","","","","","","","3247","3785","3733","4068","4332","3694","3519","4616","4933","4324","4745","4213","4120","3886","4072","4280","4336","4959","5006","5255","5389","5242","5109","4782","4348","4843","4957","5431","4280","2358","696","654","555","648","457","652","833","908","",
"Nepal","NPL","Patent applications, nonresidents","IP.PAT.NRES","","","","","","","","","","","","","","","","","","","","","","","3","","","1","","","","","","","2","3","1","5","","","","","","","","","","","","","","","","15","13","12","36","71","26","43","",
"Nauru","NRU","Patent applications, nonresidents","IP.PAT.NRES","","","","","","","","","","","","","","","","","","","","","","","","","","","","","","","","","","","","","","","","","","","","","","","","","","","","","","","","","","","",
"New Zealand","NZL","Patent applications, nonresidents","IP.PAT.NRES","","","","","","","","","","","","","","","","","","","","","2290","2424","2547","2683","3011","2967","3128","3368","3622","3660","3869","3550","3390","1866","2517","3435","6192","8259","4519","6541","5585","5507","5109","5028","4900","5112","5212","5952","4468","4803","5051","4708","5674","5167","6092","5317","5311","5146","",
"OECD members","OED","Patent applications, nonresidents","IP.PAT.NRES","","","","","","","","","","","","","","","","","","","","","237551","190492","185285","211447","206439","200338","193553","197009","214962","219341","211890","200845","207210","197409","213118","248016","261017","288500","285214","315734","332766","372902","368873","359807","375766","402372","428404","445264","449741","425222","444513","456911","482732","499617","516070","530244","534013","539033","",
"Oman","OMN","Patent applications, nonresidents","IP.PAT.NRES","","","","","","","","","","","","","","","","","","","","","","","","","","","","","","","","","","","","","","","","","","","","","","","","","","","","","","","","341","366","387","",
"Other small states","OSS","Patent applications, nonresidents","IP.PAT.NRES","","","","","","","","","","","","","","","","","","","","","","","","","","","","","","","","","","","","","","","","","","","","","","","","","","","","","","","","","","","",
"Pakistan","PAK","Patent applications, nonresidents","IP.PAT.NRES","","","","","","","","","","","","","","","","","","","","","369","","","","","","","","","","524","502","605","617","574","678","799","1049","1275","1089","1149","1168","1057","1070","1008","1141","1647","1449","1375","","980","861","798","783","776","677","636","505","",
"Panama","PAN","Patent applications, nonresidents","IP.PAT.NRES","","","","","","","","","","","","","","","","","","","","","90","90","97","134","98","78","83","73","79","44","53","68","66","80","86","62","142","","","","153","","","","","","","","371","370","468","420","234","78","274","389","349","376","",
"Peru","PER","Patent applications, nonresidents","IP.PAT.NRES","","","","","","","","","","","","","","","","","","","","","280","375","294","266","","211","208","194","194","","219","216","262","254","369","","565","756","","944","1038","974","840","892","785","993","1232","1331","1504","657","261","1129","1136","1193","1204","1182","1091","1119","",
"Philippines","PHL","Patent applications, nonresidents","IP.PAT.NRES","","","","","","","","","","","","","","","","","","","","","1454","1514","1514","1613","1194","1489","1379","1568","1617","1772","1822","1774","1687","1860","1965","2207","2634","3440","3280","3217","3482","2470","705","1732","2538","2762","3034","3248","3097","2825","3223","3010","2832","3065","3255","3359","3092","3072","",
"Palau","PLW","Patent applications, nonresidents","IP.PAT.NRES","","","","","","","","","","","","","","","","","","","","","","","","","","","","","","","","","","","","","","","","","","","","","","","","","","","","","","","","","","","",
"Papua New Guinea","PNG","Patent applications, nonresidents","IP.PAT.NRES","","","","","","","","","","","","","","","","","","","","","","","","","","","","","","","","","","","","","","","","","","","","","","","","","45","","","","","79","","46","","","",
"Poland","POL","Patent applications, nonresidents","IP.PAT.NRES","","","","","","","","","","","","","","","","","","","","","1644","1188","990","783","798","770","713","769","763","843","1315","1086","1354","1013","1327","1265","1297","3950","4128","4671","4899","4328","4292","3973","5359","4555","655","361","290","241","227","244","247","174","155","139","135","117","",
"Pre-demographic dividend","PRE","Patent applications, nonresidents","IP.PAT.NRES","","","","","","","","","","","","","","","","","","","","","","","","","","","","","","","","","","","","","","","","","","","","","","","","","","","","","","","","","","","",
"Puerto Rico","PRI","Patent applications, nonresidents","IP.PAT.NRES","","","","","","","","","","","","","","","","","","","","","","","","","","","","","","","","","","","","","","","","","","","","","","","","","","","","","","","","","","","",
"Korea, Dem. People’s Rep.","PRK","Patent applications, nonresidents","IP.PAT.NRES","","","","","","","","","","","","","","","","","","","","","","","","","","","8","32","13","13","38","8","8","","","","","","","","","","","","","66","56","76","","55","39","39","27","","","","","","",
"Portugal","PRT","Patent applications, nonresidents","IP.PAT.NRES","","","","","","","","","","","","","","","","","","","","","1731","1843","1734","1760","1756","1906","2191","2258","2410","3311","3541","3453","1138","180","88","120","76","101","61","114","65","56","49","40","64","47","36","31","24","46","46","75","26","22","18","20","27","36","",
"Paraguay","PRY","Patent applications, nonresidents","IP.PAT.NRES","","","","","","","","","","","","","","","","","","","","","","","","50","32","35","","","","34","36","","44","71","","","","","","","211","253","171","173","187","241","364","295","265","246","347","","","","","","","","",
"West Bank and Gaza","PSE","Patent applications, nonresidents","IP.PAT.NRES","","","","","","","","","","","","","","","","","","","","","","","","","","","","","","","","","","","","","","","","","","","","","","","","","","","","","","","","","","","",
"Pacific island small states","PSS","Patent applications, nonresidents","IP.PAT.NRES","","","","","","","","","","","","","","","","","","","","","","","","","","27","","","","","","","","","","","","","","","","","","","","","","","","","","","","","","","","","",
"Post-demographic dividend","PST","Patent applications, nonresidents","IP.PAT.NRES","","","","","","","","","","","","","","","","","","","","","226976","179687","174308","203770","197893","192280","184275","186813","204262","207650","198907","188081","194643","187369","199891","240489","263425","278339","283692","303074","319697","361604","360417","353953","370887","398533","429401","445262","449643","427157","447311","460503","484332","502380","516949","528063","534859","539128","",
"French Polynesia","PYF","Patent applications, nonresidents","IP.PAT.NRES","","","","","","","","","","","","","","","","","","","","","","","","","","","","","","","","","","","","","","","","","","","","","","","","","","","","","","","","","","","",
"Qatar","QAT","Patent applications, nonresidents","IP.PAT.NRES","","","","","","","","","","","","","","","","","","","","","","","","","","","","","","","","","","","","","","","","","","","","","","","","","","","","","58","323","477","","548","574","",
"Romania","ROU","Patent applications, nonresidents","IP.PAT.NRES","","","","","","","","","","","","","","","","","","","","","726","681","638","487","457","379","225","291","181","191","304","361","420","628","500","421","636","722","894","330","287","277","363","293","200","68","62","59","36","37","36","39","55","53","84","78","58","80","",
"Russian Federation","RUS","Patent applications, nonresidents","IP.PAT.NRES","","","","","","","","","","","","","","","","","","","","","","","","","","","","","","","","","11850","3974","4495","6893","7980","8123","8299","7944","8960","9313","9596","9901","7205","8609","9807","11934","14137","12966","13778","14919","15510","16149","16236","16248","14792","14106","",
"Rwanda","RWA","Patent applications, nonresidents","IP.PAT.NRES","","","","","","","","","","","","","","","","","","","","","3","7","2","3","6","1","1","2","5","1","4","1","2","","3","","","","","4","","","","","","","","","","","","","30","","7","1","126","453","",
"South Asia","SAS","Patent applications, nonresidents","IP.PAT.NRES","","","","","","","","","","","","","","","","","","","","","2355","2069","2131","","2473","2670","2677","2708","2705","2770","3356","2999","2963","3279","3933","5973","7945","9590","8324","4157","7979","9853","10277","10707","14923","21307","25447","30920","32304","27500","32400","34830","35501","33592","31875","34396","33081","32679","",
"Saudi Arabia","SAU","Patent applications, nonresidents","IP.PAT.NRES","","","","","","","","","","","","","","","","","","","","","","","","","","","","","","58","439","492","605","729","687","718","810","1001","1286","1144","797","683","552","487","395","374","419","642","","","643","643","","440","135","1691","2196","2282","",
"Sudan","SDN","Patent applications, nonresidents","IP.PAT.NRES","","","","","","","","","","","","","","","","","","","","","","","","67","","","","","","","","","26","","","","","","","4","16","13","20","11","17","16","13","13","3","2","2","3","","","8","1","1","12","",
"Senegal","SEN","Patent applications, nonresidents","IP.PAT.NRES","","","","","","","","","","","","","","","","","","","","","","","","","","","","","","","","","","","","","","","","","","","","","","","","","","","","","","","","","","","",
"Singapore","SGP","Patent applications, nonresidents","IP.PAT.NRES","","","","","","","","","","","","","","","","","","","","","631","603","","852","927","1003","","","","","","","","","","2412","12357","6048","6367","6679","7720","7726","7575","7248","7944","8036","8537","9255","8899","7986","8878","8738","8604","8579","9009","9345","9379","9321","",
"Solomon Islands","SLB","Patent applications, nonresidents","IP.PAT.NRES","","","","","","","","","","","","","","","","","","","","","","","","4","12","4","8","6","2","2","","","","","","","","","","","","","","","","","","","","","","","","","","","","","",
"Sierra Leone","SLE","Patent applications, nonresidents","IP.PAT.NRES","","","","","","","","","","","","","","","","","","","","","","","","","","","","","","","","","","","","5","","","","","","","","","","","","","","","","","","","","","","","",
"El Salvador","SLV","Patent applications, nonresidents","IP.PAT.NRES","","","","","","","","","","","","","","","","","","","","","79","","61","84","65","40","","","","34","44","26","97","75","76","64","","","","","","","","","","","","","","","","","217","183","187","196","171","178","",
"San Marino","SMR","Patent applications, nonresidents","IP.PAT.NRES","","","","","","","","","","","","","","","","","","","","","","","","","","","","","","","","","","","","","","","","","","","","","","","","","","","","","","155","191","296","454","","",
"Somalia","SOM","Patent applications, nonresidents","IP.PAT.NRES","","","","","","","","","","","","","","","","","","","","","","","","","7","7","","","","","","","","","","","","","","","","","","","","","","","","","","","","","","","","","",
"Serbia","SRB","Patent applications, nonresidents","IP.PAT.NRES","","","","","","","","","","","","","","","","","","","","","","","","","","","","","","","","","","","","","","","","","","","","","694","609","273","121","237","40","39","49","32","20","10","13","21","13","",
"Sub-Saharan Africa (excluding high income)","SSA","Patent applications, nonresidents","IP.PAT.NRES","","","","","","","","","","","","","","","","","","","","","","","","","","","","","","","","","","","","","","","","","","","","","","","","","","","","","","","","","","","",
"South Sudan","SSD","Patent applications, nonresidents","IP.PAT.NRES","","","","","","","","","","","","","","","","","","","","","","","","","","","","","","","","","","","","","","","","","","","","","","","","","","","","","","","","","","","",
"Sub-Saharan Africa","SSF","Patent applications, nonresidents","IP.PAT.NRES","","","","","","","","","","","","","","","","","","","","","","","","","","","","","","","","","","","","","","","","","","","","","","","","","","","","","","","","","","","",
"Small states","SST","Patent applications, nonresidents","IP.PAT.NRES","","","","","","","","","","","","","","","","","","","","","","","","","","","","","","","","","","","","","","","","","","","","","","","","","","","","","","","","","","","",
"Sao Tome and Principe","STP","Patent applications, nonresidents","IP.PAT.NRES","","","","","","","","","","","","","","","","","","","","","","","","","","","","","","","","","","","","","","","","","","","","","","","","","","1","1","2","","8","3","","","","",
"Suriname","SUR","Patent applications, nonresidents","IP.PAT.NRES","","","","","","","","","","","","","","","","","","","","","","","","","","","","","","","","","","","","","","","","","","","","","","","","","","","","","","","","","","","",
"Slovak Republic","SVK","Patent applications, nonresidents","IP.PAT.NRES","","","","","","","","","","","","","","","","","","","","","","","","","","","","","","","","","","681","620","1400","1498","1578","1612","1683","1804","1696","1599","1437","238","95","90","106","75","63","48","33","35","26","23","28","15","23","",
"Slovenia","SVN","Patent applications, nonresidents","IP.PAT.NRES","","","","","","","","","","","","","","","","","","","","","","","","","","","","","","","","1","409","784","404","116","201","238","127","138","124","107","101","60","42","29","12","15","6","12","11","11","","","","","","","",
"Sweden","SWE","Patent applications, nonresidents","IP.PAT.NRES","","","","","","","","","","","","","","","","","","","","","5086","3968","3442","2958","2705","2322","1939","1695","1462","1270","1073","702","657","614","636","924","857","940","753","853","844","574","597","703","462","438","413","398","306","463","353","337","148","163","441","390","352","305","",
"Eswatini","SWZ","Patent applications, nonresidents","IP.PAT.NRES","","","","","","","","","","","","","","","","","","","","","","","","","35","30","","","","27","","","47","","","","","","","","","","","","","","","","","","","6","3","","2","2","","","",
"Sint Maarten (Dutch part)","SXM","Patent applications, nonresidents","IP.PAT.NRES","","","","","","","","","","","","","","","","","","","","","","","","","","","","","","","","","","","","","","","","","","","","","","","","","","","","","","","","","","","",
"Seychelles","SYC","Patent applications, nonresidents","IP.PAT.NRES","","","","","","","","","","","","","","","","","","","","","3","7","","3","1","2","","","5","","","","","","","1","6","","","","","","","","","","","","","","","","","","","","","","",
"Syrian Arab Republic","SYR","Patent applications, nonresidents","IP.PAT.NRES","","","","","","","","","","","","","","","","","","","","","98","76","81","","","","","","","","","","33","40","42","68","59","46","9","","48","39","47","36","40","34","133","","","","","","","","","","","16","",
"Turks and Caicos Islands","TCA","Patent applications, nonresidents","IP.PAT.NRES","","","","","","","","","","","","","","","","","","","","","","","","","","","","","","","","","","","","","","","","","","","","","","","","","","","","","","","","","","","",
"Chad","TCD","Patent applications, nonresidents","IP.PAT.NRES","","","","","","","","","","","","","","","","","","","","","","","","","","","","","","","","","","","","","","","","","","","","","","","","","","","","","","","","","","","",
"East Asia & Pacific (IDA & IBRD countries)","TEA","Patent applications, nonresidents","IP.PAT.NRES","","","","","","","","","","","","","","","","","","","","","","","","","","8724","7379","10268","9081","10545","10224","11361","14196","16661","18617","21719","28369","32138","50152","51590","45489","51367","54476","63559","81467","99740","107111","110439","116506","104498","115702","130566","135324","145727","155059","163352","162776","163675","",
"Europe & Central Asia (IDA & IBRD countries)","TEC","Patent applications, nonresidents","IP.PAT.NRES","","","","","","","","","","","","","","","","","","","","","","","","","","","","","","","","","16270","11939","11600","13451","14352","18417","18699","19227","21196","21309","19651","18759","17451","18375","14675","16538","19644","17221","18128","19276","19350","20329","20090","20064","18282","17171","",
"Togo","TGO","Patent applications, nonresidents","IP.PAT.NRES","","","","","","","","","","","","","","","","","","","","","","","","","","","","","","","","","","","","","","","","","","","","","","","","","","","","","","","","","","","",
"Thailand","THA","Patent applications, nonresidents","IP.PAT.NRES","","","","","","","","","","","","","","","","","","","","","202","306","331","512","619","652","634","814","1041","1381","1867","1907","1906","2353","2816","3387","4355","5148","4592","4438","4488","4798","3874","4329","4554","5449","5221","5873","5839","4832","723","2997","5726","5832","6924","7138","6722","6886","",
"Tajikistan","TJK","Patent applications, nonresidents","IP.PAT.NRES","","","","","","","","","","","","","","","","","","","","","","","","","","","","","","","","","","","169","30","141","51","9","5","7","1","","1","2","6","","","","1","3","1","3","2","","1","","","",
"Turkmenistan","TKM","Patent applications, nonresidents","IP.PAT.NRES","","","","","","","","","","","","","","","","","","","","","","","","","","","","","","","","","","","","","170","50","16","5","","","","","","","","","","","","","","","","","","","",
"Latin America & the Caribbean (IDA & IBRD countries)","TLA","Patent applications, nonresidents","IP.PAT.NRES","","","","","","","","","","","","","","","","","","","","","18118","19087","17015","15103","14301","10632","10653","11432","10001","11275","13827","14346","17240","18712","21619","16916","22305","36674","34477","38749","42448","38249","37345","35788","37364","42138","46661","49769","51585","44029","46470","50661","54008","53989","55279","55995","50243","48021","",
"Timor-Leste","TLS","Patent applications, nonresidents","IP.PAT.NRES","","","","","","","","","","","","","","","","","","","","","","","","","","","","","","","","","","","","","","","","","","","","","","","","","","","","","","","","","","","",
"Middle East & North Africa (IDA & IBRD countries)","TMN","Patent applications, nonresidents","IP.PAT.NRES","","","","","","","","","","","","","","","","","","","","","2394","2155","1824","1910","1950","1428","","1164","1256","1314","1362","1241","1012","1250","1224","1492","1548","","2191","1791","1821","1679","1605","1603","1890","2944","","4585","","","4757","4703","4455","4387","3992","3874","4185","4302","",
"Tonga","TON","Patent applications, nonresidents","IP.PAT.NRES","","","","","","","","","","","","","","","","","","","","","","","","","","","","","","","","","","","","","","","","","","","","","","","","","","","","","","","","","","","",
"South Asia (IDA & IBRD)","TSA","Patent applications, nonresidents","IP.PAT.NRES","","","","","","","","","","","","","","","","","","","","","2355","2069","2131","","2473","2670","2677","2708","2705","2770","3356","2999","2963","3279","3933","5973","7945","9590","8324","4157","7979","9853","10277","10707","14923","21307","25447","30920","32304","27500","32400","34830","35501","33592","31875","34396","33081","32679","",
"Sub-Saharan Africa (IDA & IBRD countries)","TSS","Patent applications, nonresidents","IP.PAT.NRES","","","","","","","","","","","","","","","","","","","","","","","","","","","","","","","","","","","","","","","","","","","","","","","","","","","","","","","","","","","",
"Trinidad and Tobago","TTO","Patent applications, nonresidents","IP.PAT.NRES","","","","","","","","","","","","","","","","","","","","","123","","83","","","","","","","","","","54","62","70","63","110","154","107","120","154","239","221","231","205","205","278","317","280","","","","213","174","184","165","133","171","",
"Tunisia","TUN","Patent applications, nonresidents","IP.PAT.NRES","","","","","","","","","","","","","","","","","","","","","214","183","","197","201","202","139","120","118","118","134","104","98","100","106","115","128","174","200","190","210","156","58","120","223","282","379","416","472","452","508","543","476","437","400","409","348","383","",
"Turkey","TUR","Patent applications, nonresidents","IP.PAT.NRES","","","","","","","","","","","","","","","","","","","","","527","368","385","","447","461","552","760","747","886","1090","1057","1063","1057","1216","1520","735","1327","2276","2744","3156","2875","1424","348","235","218","160","211","176","177","177","228","232","269","331","489","618","380","",
"Tuvalu","TUV","Patent applications, nonresidents","IP.PAT.NRES","","","","","","","","","","","","","","","","","","","","","","","","","","","","","","","","","","","","","","","","","","","","","","","","","","","","","","","","","","","",
"Tanzania","TZA","Patent applications, nonresidents","IP.PAT.NRES","","","","","","","","","","","","","","","","","","","","","88","","30","57","","30","","","37","23","","","","","","","","","","","","3","2","1","3","3","1","4","5","3","1","2","","3","4","1","","","",
"Uganda","UGA","Patent applications, nonresidents","IP.PAT.NRES","","","","","","","","","","","","","","","","","","","","","28","55","17","16","28","26","","21","21","14","13","4","11","","","","","","","","","","","","1","","","1","","","","","","4","3","","","","",
"Ukraine","UKR","Patent applications, nonresidents","IP.PAT.NRES","","","","","","","","","","","","","","","","","","","","","","","","","","","","","","","","","","1909","555","1156","1257","1568","1631","1621","1604","1610","1153","1438","1689","2054","2416","2723","2872","2380","2756","2604","2464","2556","2356","2226","1862","1764","",
"Upper middle income","UMC","Patent applications, nonresidents","IP.PAT.NRES","","","","","","","","","","","","","","","","","","","","","","","","","","23572","21406","25205","23203","25319","28843","28562","43233","42431","47494","47312","58471","76666","95670","95897","92526","99184","103042","109320","124441","148142","160465","167808","177233","157974","170805","190398","203458","208465","216785","224463","217540","216686","",
"Uruguay","URY","Patent applications, nonresidents","IP.PAT.NRES","","","","","","","","","","","","","","","","","","","","","213","227","157","174","147","105","124","101","144","111","","137","140","147","151","221","182","370","469","525","572","543","466","504","514","589","725","739","706","750","761","667","678","","639","532","","500","",
"United States","USA","Patent applications, nonresidents","IP.PAT.NRES","","","","","","","","","","","","","","","","","","","","","42231","44009","46309","44312","49443","51562","55721","63522","68644","76337","80520","84160","90922","84241","95522","104180","105054","101282","102246","116512","131100","148958","150200","153500","167407","182866","204182","214807","224733","231194","248249","255832","274033","283781","293706","301075","310244","313052","",
"Uzbekistan","UZB","Patent applications, nonresidents","IP.PAT.NRES","","","","","","","","","","","","","","","","","","","","","","","","","","","","","","","","","","295","64","19","53","367","","361","213","443","203","171","205","180","186","198","186","174","262","274","253","258","223","219","202","196","",
"St. Vincent and the Grenadines","VCT","Patent applications, nonresidents","IP.PAT.NRES","","","","","","","","","","","","","","","","","","","","","","","","","","","","","","","","","","","","","8","","","","2","","","","","","","","","","","","2","8","8","7","","3","",
"Venezuela, RB","VEN","Patent applications, nonresidents","IP.PAT.NRES","","","","","","","","","","","","","","","","","","","","","1831","1980","1893","1482","1359","1303","1292","1369","","1184","1090","1128","1338","1489","1505","","1822","2323","","","2292","","2150","1984","1873","2232","2439","2479","2325","2051","1773","1564","1461","1389","1377","928","560","338","",
"British Virgin Islands","VGB","Patent applications, nonresidents","IP.PAT.NRES","","","","","","","","","","","","","","","","","","","","","","","","","","","","","","","","","","","","","","","","","","","","","","","","","","","","","","","","","","","",
"Virgin Islands (U.S.)","VIR","Patent applications, nonresidents","IP.PAT.NRES","","","","","","","","","","","","","","","","","","","","","","","","","","","","","","","","","","","","","","","","","","","","","","","","","","","","","","","","","","","",
"Vietnam","VNM","Patent applications, nonresidents","IP.PAT.NRES","","","","","","","","","","","","","","","","","","","","","","","","","","3","2","","2","16","17","25","49","193","270","659","929","1234","1080","1107","1205","1234","1142","1072","1328","1767","1970","2641","2995","2632","3276","3260","3423","3552","3960","4451","4668","4790","",
"Vanuatu","VUT","Patent applications, nonresidents","IP.PAT.NRES","","","","","","","","","","","","","","","","","","","","","","","","","","","","","","","","","","","","","","","","","","","","","","","","","","","","","","","","","","","",
"World","WLD","Patent applications, nonresidents","IP.PAT.NRES","","","","","","","","","","","","","","","","","","","","","","","","","","229735","218920","225612","240599","247456","243588","232713","255200","245061","264196","309182","347116","384611","409205","426853","447515","495626","495023","494509","533020","592293","637188","669522","684324","633251","674241","713148","745329","773102","795600","820291","817323","821403","",
"Samoa","WSM","Patent applications, nonresidents","IP.PAT.NRES","","","","","","","","","","","","","","","","","","","","","2","","","","","4","","","","","","2","","","","2","3","","","","","","","7","2","","","11","","","","","","","99","3","","","",
"Kosovo","XKX","Patent applications, nonresidents","IP.PAT.NRES","","","","","","","","","","","","","","","","","","","","","","","","","","","","","","","","","","","","","","","","","","","","","","","","","","","","","","","","","","","",
"Yemen, Rep.","YEM","Patent applications, nonresidents","IP.PAT.NRES","","","","","","","","","","","","","","","","","","","","","","","","","","","","","","","","","","","","","","","16","30","22","18","19","13","27","23","34","24","","","55","37","49","37","24","25","16","13","",
"South Africa","ZAF","Patent applications, nonresidents","IP.PAT.NRES","","","","","","","","","","","","","","","","","","","","","5024","5694","6585","5479","6275","5849","5046","4844","4905","4842","4943","4654","4423","4282","4968","5482","6115","6917","7190","3002","2400","5427","5617","5303","5833","6001","6739","7402","7081","5913","5562","6589","6836","6657","6750","6608","6506","6816","",
"Zambia","ZMB","Patent applications, nonresidents","IP.PAT.NRES","","","","","","","","","","","","","","","","","","","","","113","107","91","91","79","105","108","99","74","50","50","47","64","60","","39","36","","","34","","25","6","10","27","22","9","20","17","9","12","21","31","26","25","12","18","10","",
"Zimbabwe","ZWE","Patent applications, nonresidents","IP.PAT.NRES","","","","","","","","","","","","","","","","","","","","","281","274","230","237","191","205","206","200","144","138","159","128","161","136","","125","122","","","","","","","","","","","","","","","","","","","19","5","","",
